water_content_pct,binder_pct,curing_days,binder,measured_qu_kPa
100.0,20.0,150.0,opc,1125.4
100.0,50.0,150.0,opc,2685.9
100.0,75.0,150.0,opc,4334.5
100.0,100.0,150.0,opc,5854.7
100.0,20.0,28.0,opc,603.3
100.0,30.0,28.0,opc,919.2
100.0,50.0,28.0,opc,1797.1
100.0,75.0,28.0,opc,2808.2
100.0,100.0,28.0,opc,3562.8
100.0,10.0,7.0,opc,223.9
100.0,30.0,7.0,opc,554.3
100.0,50.0,7.0,opc,1156.7
100.0,75.0,7.0,opc,1923.2
100.0,100.0,7.0,opc,2406.5
100.0,20.0,90.0,opc,866.6
100.0,50.0,90.0,opc,2452.4
100.0,75.0,90.0,opc,3978.8
100.0,100.0,90.0,opc,5139.6
117.0,50.0,28.0,opc,1279.4
133.0,50.0,28.0,opc,750.2
167.0,50.0,28.0,opc,400.8
183.0,50.0,28.0,opc,237.8
117.0,50.0,7.0,opc,631.8
133.0,50.0,7.0,opc,431.3
150.0,50.0,7.0,opc,339.4
167.0,50.0,7.0,opc,228.1
183.0,50.0,7.0,opc,189.3
133.3,50.0,7.0,opc,439.2
133.3,50.0,28.0,opc,759.3
133.3,50.0,90.0,opc,1036.8
133.3,50.0,150.0,opc,1164.9
